,DOI
0,10.1002/plr2.20199
1,10.1093/imaman/dpab037
2,10.1109/TSG.2021.3101685
3,10.1111/agec.12684
4,10.1002/anie.202110870
5,10.1002/csc2.20592
6,10.1029/2020GB006876
7,10.1109/TSG.2021.3088835
8,10.1177/00400599211038299
9,10.1016/j.fishres.2021.106101
10,10.1016/j.ejc.2021.103367
11,10.1063/5.0049014
12,10.1039/d1gc00988e
13,10.1016/j.engstruct.2021.112086
14,10.1108/QRJ-10-2020-0137
15,10.1007/s10950-020-09980-x
16,10.1557/s43578-020-00020-5
17,10.1080/14680629.2019.1620118
18,10.1021/acsami.1c17243
19,10.3389/fmolb.2021.805000
20,10.1186/s12711-021-00687-2
21,10.3389/fenrg.2021.722950
22,10.1109/MELE.2021.3093636
23,10.1080/03610926.2021.1969409
24,10.1016/j.japr.2021.100191
25,10.1111/jvim.16236
26,10.1016/j.jobe.2021.103004
27,10.1016/j.cobme.2021.100306
28,10.1093/ee/nvab058
29,10.1021/jacs.1c01352
30,10.1080/1059924X.2021.1895014
31,10.1017/S0009640721000834
32,10.1177/1521025118780502
33,10.1016/j.conbuildmat.2020.121379
34,10.34133/2021/9846470
35,10.1088/1361-6528/ac2096
36,10.3390/agriengineering3040048
37,10.1016/j.biosystemseng.2021.10.010
38,10.3390/math9222865
39,10.1063/5.0067672
40,10.1016/j.nuclphysa.2021.122338
41,10.1016/j.jcp.2021.110655
42,10.3389/fenrg.2021.722899
43,10.1027/1864-1105/a000299
44,10.1521/soco.2021.39.4.437
45,10.3138/jvme-2021-0034
46,10.1371/journal.pone.0253429
47,10.1145/3450946
48,10.3390/agriculture11070588
49,10.1021/acsmacrolett.1c00159
50,10.1021/acssynbio.0c00501
51,10.1016/j.jalgebra.2018.09.037
52,10.1016/j.ijcip.2021.100490
53,10.1080/02664763.2021.2004581
54,10.1038/s41598-021-01664-x
55,10.1016/j.dib.2021.107452
56,10.1093/sleep/zsab124
57,10.1016/j.agrformet.2021.108632
58,10.1038/s41598-021-96425-1
59,10.1016/j.physletb.2021.136582
60,10.1080/26939169.2021.1946450
61,10.3201/eid2707.203971
62,10.1364/OL.428456
63,10.3390/biom11060915
64,10.1016/j.fishres.2021.105945
65,10.1038/s41598-021-83567-5
66,10.3390/agronomy11020395
67,10.1128/MRA.01266-20
68,10.1002/cche.10388
69,10.13031/trans.14300
70,10.1007/978-1-0716-1134-0_4
71,
72,10.13031/trans.14156
73,10.1109/JMEMS.2021.3134632
74,10.1093/jas/skab312
75,10.1021/acsomega.1c04750
76,10.1039/d1lc00446h
77,10.1177/03611981211017139
78,10.3390/land10040367
79,10.3389/fvets.2021.653129
80,10.1111/jbg.12545
81,10.1016/j.jpaa.2021.106711
82,10.3390/logistics5010015
83,10.4208/csiam-am.2020-0031
84,10.1353/ecs.2021.0038
85,10.1016/j.coche.2021.100672
86,10.1038/s41598-020-80820-1
87,10.1016/j.landusepol.2020.105157
88,10.34133/2021/9834746
89,10.1515/spma-2020-0114
90,10.1002/tesq.3095
91,10.1371/journal.pone.0260973
92,10.1007/s40870-021-00324-5
93,10.1364/OE.441213
94,10.1061/(ASCE)BE.1943-5592.0001736
95,10.1093/gbe/evab191
96,10.3389/feart.2021.710131
97,10.1371/journal.pone.0252402
98,10.1021/acs.energyfuels.1c00490
99,10.1016/j.ufug.2021.127183
100,10.1021/acs.orglett.1c00940
101,10.3791/62395
102,10.5406/jaesteduc.55.1.0072
103,10.1016/j.cvsm.2020.09.010
104,10.1137/20M1345840
105,10.1080/08821127.2021.1982621
106,10.1007/s10460-021-10266-2
107,
108,10.1016/j.cej.2021.131882
109,10.1016/j.aca.2021.338900
110,10.3390/nano11081869
111,10.3389/fsufs.2021.669571
112,10.1021/acssuschemeng.1c02931
113,10.1093/jipm/pmab021
114,10.1016/j.lwt.2021.112051
115,10.3847/1538-4357/abff4c
116,10.1016/j.nbd.2021.105410
117,10.3389/fvets.2021.688457
118,10.3390/ijerph18115730
119,10.3934/cpaa.2021093
120,10.1093/plphys/kiab110
121,10.3390/ani11020396
122,10.1093/poq/nfaa029
123,10.3389/fmolb.2020.615614
124,10.13031/aea.14534
125,10.1016/j.reactfunctpolym.2020.104759
126,10.1109/TIM.2021.3118080
127,10.1016/j.compstruc.2021.106706
128,10.1109/TPWRS.2021.3074614
129,10.3390/catal11111302
130,10.1017/S0272263121000292
131,10.1016/j.cobme.2021.100322
132,10.1126/sciadv.abi8215
133,10.1371/journal.pone.0249103
134,10.1371/journal.pone.0252127
135,10.1007/s11747-021-00788-w
136,10.3996/JFWM-20-046
137,10.47037/2020.ACES.J.360624
138,10.3389/fpsyg.2021.653031
139,10.1016/j.jcp.2021.110357
140,10.1016/j.corsci.2021.109496
141,10.1007/s11229-017-1452-6
142,10.3390/agriculture11030259
143,10.1177/1040638721996691
144,10.1038/s41598-021-82261-w
145,10.1002/prot.26050
146,10.1109/TMAG.2020.3034208
147,10.1039/d0lc01006e
148,10.1007/s10566-020-09596-9
149,
150,10.1002/csc2.20322
151,10.1016/j.coldregions.2020.103196
152,10.1016/j.lwt.2020.110353
153,10.1093/tas/txab188
154,10.1109/JSEN.2021.3117573
155,10.7120/09627286.30.4.004
156,
157,10.1093/jas/skab252
158,10.3389/fgene.2021.722981
159,10.1038/s41598-021-95284-0
160,10.3390/sym13081382
161,10.1016/j.wear.2021.203729
162,10.1039/d1lc00259g
163,10.1002/cbic.202100217
164,10.1039/d1an00778e
165,10.1016/j.engstruct.2021.112014
166,10.1016/j.eswa.2020.114072
167,10.1103/PhysRevD.103.033005
168,10.1002/sam.11500
169,10.1063/5.0034936
170,10.1080/0013791X.2021.2017094
171,10.1094/MPMI-06-21-0149-R
172,10.1021/acs.jcim.1c00516
173,10.1177/03009858211048622
174,10.1007/s40962-021-00693-6
175,10.1108/EC-11-2020-0650
176,10.1016/j.ijimpeng.2021.103969
177,10.1007/s10035-021-01122-5
178,10.3138/jvme.2019-0136
179,10.1002/celc.202100662
180,10.1115/1.4049556
181,
182,10.1111/pce.14063
183,10.3390/atmos12050585
184,10.1016/j.engstruct.2020.111590
185,10.1016/j.expthermflusci.2020.110282
186,10.1016/j.orl.2021.01.011
187,10.1016/j.jobe.2020.101956
188,10.3390/nu13010217
189,10.1186/s13015-021-00201-9
190,10.1109/TIT.2021.3112805
191,10.3996/JFWM-20-068
192,10.1039/d1tc03520g
193,10.1016/j.cagd.2021.102038
194,10.1088/1361-6501/abf805
195,10.1186/s12711-021-00647-w
196,10.1103/PhysRevB.103.214304
197,10.1016/j.polymdegradstab.2021.109627
198,10.1557/s43578-021-00218-1
199,10.7717/peerj-cs.359
200,10.1016/j.cvfa.2020.11.002
201,10.1016/j.wdp.2021.100298
202,10.3389/fmicb.2020.625286
203,10.1109/TIM.2021.3113118
204,10.1016/j.rechem.2021.100219
205,10.1128/IAI.00542-20
206,10.1109/TED.2021.3131115
207,10.1093/jee/toab218
208,10.1073/pnas.2112108118j1of8
209,10.1109/TPWRS.2021.3069781
210,
211,10.1016/j.jcbs.2021.09.006
212,10.1002/aisy.202100099
213,10.1021/acsnano.1c04230
214,10.1111/flan.12569
215,10.3389/fpls.2021.709008
216,10.1177/03611981211020004
217,10.1016/j.ijdrr.2021.102439
218,10.1021/acsami.0c22305
219,
220,10.1016/j.sleh.2020.12.002
221,10.1002/anie.202102148
222,10.1038/s41598-021-83770-4
223,10.1080/01621459.2020.1850461
224,10.1016/j.indmarman.2020.11.002
225,10.3390/microorganisms9010141
226,10.1088/1478-3975/abc5ad
227,10.13031/jash.14450
228,10.1109/TPWRS.2021.3081608
229,10.1002/nafm.10705
230,10.1111/ruso.12416
231,10.3389/fncel.2021.772868
232,10.3996/JFWM-20-075
233,10.1073/pnas.1914085117
234,10.1016/j.addma.2021.101929
235,10.1016/j.jfluidstructs.2021.103229
236,10.1016/j.tcs.2021.02.025
237,10.1016/j.bios.2021.113179
238,10.1016/j.bbrep.2020.100884
239,10.3390/polym13050749
240,10.1007/s13253-021-00443-5
241,10.1007/s40263-020-00787-5
242,10.1063/9.0000104
243,
244,10.1146/annurev-anchem-090420-101138
245,10.1109/ACCESS.2021.3082499
246,10.13031/trans.13995
247,10.21091/mppa.2021.4025
248,10.1093/tas/txab218
249,10.1002/nafm.10687
250,10.1007/s00024-021-02832-w
251,10.1002/suco.202100223
252,10.1080/09608788.2021.1952928
253,10.1016/j.foodchem.2021.130301
254,10.1007/s11031-021-09895-1
255,10.3390/fermentation7020082
256,10.1093/biolre/ioab069
257,10.1177/2167696818824186
258,10.1016/j.soilbio.2021.108228
259,10.1037/rel0000411
260,10.3390/logistics5010004
261,10.1175/WAF-D-20-0137.1
262,10.1177/1937586720988616
263,10.13031/aea.14411
264,10.1021/acs.analchem.1c03633
265,10.1109/TPWRS.2021.3074898
266,10.1139/cjfas-2020-0442
267,10.1177/0192513X211050063
268,10.1103/PhysRevC.104.034903
269,10.1016/j.jspr.2021.101875
270,10.1016/j.jweia.2021.104727
271,10.1021/acs.jchemed.1c00447
272,10.1016/j.bej.2021.108026
273,10.1038/s41598-021-86549-9
274,10.1021/acscatal.1c00371
275,10.1093/g3journal/jkab080
276,10.1016/j.ijhm.2021.102888
277,10.1002/cche.10400
278,10.1017/S1742170519000292
279,10.1021/acssensors.0c01912
280,10.1016/j.spl.2021.109039
281,10.1063/9.0000046
282,10.1021/acscatal.1c04074
283,10.1353/nyh.2021.0037
284,
285,10.1080/10570314.2021.1995622
286,10.3389/fpls.2021.732216
287,10.22004/ag.econ.304769
288,10.1016/j.msec.2021.112370
289,10.1002/csc2.20577
290,10.1021/acssuschemeng.1c02267
291,10.1007/s10708-020-10137-z
292,10.3138/jvme-2020-0122
293,10.1016/j.proci.2020.07.075
294,10.3389/fvets.2021.629627
295,10.1007/s00418-021-01978-x
296,10.3389/fpls.2021.640277
297,10.1007/s00216-021-03216-8
298,10.3390/infrastructures6020028
299,10.1007/s00158-020-02831-w
300,10.1017/S0031819120000297
301,10.1016/j.placenta.2020.10.029
302,10.1016/j.envsoft.2021.105241
303,10.1007/s10639-021-10786-8
304,10.1016/j.fuproc.2021.107068
305,10.1016/j.actamat.2021.117348
306,10.1021/acsabm.1c00489
307,10.1093/jrs/feab015
308,10.3390/molecules26164923
309,10.1021/acs.energyfuels.1c01207
310,10.3390/atmos12070825
311,10.1177/14767503211023127
312,10.1016/j.jad.2021.05.070
313,10.1007/s10915-021-01503-1
314,10.1111/ajae.12233
315,10.1080/13683500.2021.1920003
316,10.3389/fcomm.2021.628780
317,10.1037/dhe0000157
318,10.1007/s10482-021-01541-7
319,10.1016/j.ast.2021.106555
320,10.1016/j.msec.2021.111915
321,10.1109/TMAG.2020.3017565
322,10.3791/62277
323,10.1063/9.0000210
324,10.1080/00031305.2020.1858963
325,10.1016/j.nuclphysa.2020.121933
326,10.1002/alz.058743
327,10.1073/pnas.2111461118
328,10.1128/Spectrum.01243-21
329,10.1371/journal.pone.0257601
330,10.3389/fpls.2021.701192
331,10.1002/sam.11546
332,10.1016/j.psj.2021.101369
333,10.1021/acs.inorgchem.1c00912
334,10.1111/1365-2435.13895
335,10.3389/fvets.2021.692199
336,10.1177/0887302X211027500
337,10.1016/j.cpc.2021.108072
338,10.3791/62701
339,10.3389/fnut.2021.652192
340,10.1109/JAS.2021.1003964
341,10.3390/md19050282
342,10.3390/rs13091742
343,10.1093/genetics/iyab062
344,10.1016/j.compositesb.2021.108806
345,10.1177/08862605211005150
346,10.3390/agronomy11040611
347,10.1109/TSE.2019.2893207
348,10.1186/s40104-020-00527-1
349,10.1021/jacs.0c11566
350,10.1094/PHP-02-21-0040-FI
351,10.1080/08965803.2021.2011557
352,10.1038/s41598-021-99545-w
353,10.1016/j.bios.2021.113707
354,10.1177/09636625211049531
355,10.1016/j.measurement.2021.110207
356,10.2514/1.G006182
357,10.1177/03611981211036365
358,10.1017/S0963548321000353
359,10.2489/jSWC.2021.00166
360,10.1007/s00500-021-05995-9
361,10.3390/ani11072007
362,10.1109/JOE.2020.3016073
363,10.1016/j.cemconres.2021.106524
364,10.1016/j.jmbbm.2021.104513
365,10.1039/d1ra01622a
366,10.1371/journal.pone.0247147
367,10.1177/03611981211007481
368,10.1016/j.finel.2021.103563
369,10.1016/j.cemconres.2021.106417
370,10.1002/nafm.10523
371,10.1002/eap.2295
372,10.1021/acs.jchemed.0c01268
373,10.1061/(ASCE)CF.1943-5509.0001528
374,10.1016/j.foodhyd.2020.106262
375,10.1017/S0144686X19000990
376,10.1016/j.marpolbul.2020.111926
377,10.3138/jvme.1018-121r1
378,10.1093/jssam/smz046
379,10.1371/journal.pone.0244795
380,10.1109/ACCESS.2021.3052478
381,10.1063/9.0000196
382,10.13031/aea.14399
383,10.1017/S0265052522000036
384,10.1007/s11047-021-09877-9
385,10.1016/j.expthermflusci.2021.110514
386,10.1016/j.evolhumbehav.2021.03.008
387,10.1061/(ASCE)BE.1943-5592.0001732
388,10.1038/s41598-021-90835-x
389,10.3390/inventions6020029
390,10.1002/nafm.10616
391,10.1038/s41598-021-90325-0
392,10.1111/acer.14592
393,10.1093/nar/gkab163
394,10.1177/1040638721995782
395,10.1002/aepp.13115
396,10.1016/j.cemconcomp.2021.103969
397,10.1080/15434303.2020.1866576
398,10.1007/978-1-0716-1134-0_13
399,10.1093/jn/nxab298
400,10.1109/JSEN.2021.3113303
401,10.1111/1365-2664.14061
402,10.1016/j.rineng.2021.100290
403,10.1007/s10457-021-00686-8
404,10.3390/su132011368
405,10.1016/j.conbuildmat.2021.124898
406,10.1075/jsls.21006.yam
407,10.1002/aic.17389
408,10.1111/fme.12492
409,10.1016/j.jclepro.2021.128173
410,10.1093/jas/skab164
411,10.1111/vde.12997
412,10.1007/s10755-021-09558-6
413,10.3390/ani11051289
414,10.1002/nafm.10587
415,10.1016/j.rser.2021.111098
416,10.1016/j.compositesb.2021.108836
417,10.1016/j.jslw.2021.100816
418,10.1016/j.engstruct.2020.111847
419,10.1007/s40962-020-00566-4
420,10.1039/d0sc05338d
421,
422,10.34133/2021/9805489
423,10.1021/acsaem.1c01809
424,10.1111/biom.13552
425,10.1093/jas/skab163
426,10.1088/1361-665X/ac01a9
427,10.3390/nu13061932
428,10.3791/62728
429,10.1007/s00184-021-00812-7
430,10.1214/20-AOAS1388
431,10.1002/hfm.20888
432,10.1017/S0022109021000120
433,10.1007/s10566-019-09507-7
434,10.1016/j.prevetmed.2020.105233
435,10.1016/j.apcatb.2021.119904
436,10.1386/ijia_00033_1
437,10.3390/atmos12010007
438,10.1371/journal.pone.0255085
439,10.1002/tpg2.20160
440,10.1016/j.chroma.2021.462588
441,10.3390/microorganisms9102023
442,10.1123/jpah.2021-0013
443,10.1016/j.ast.2021.107090
444,10.1002/adom.202101147
445,10.1109/TIT.2021.3095909
446,10.3389/fmolb.2021.733148
447,10.1109/TSG.2021.3088006
448,10.1080/09614524.2021.1937558
449,10.1289/EHP7877
450,10.1038/s41598-021-93911-4
451,10.1186/s12958-021-00791-4
452,10.1021/acs.joc.1c00658
453,
454,10.1080/07060661.2021.1881162
455,10.24908/ijesjp.v8i1.14211
456,10.1021/acs.joc.0c02556
457,10.1093/bioinformatics/btab090
458,10.1016/j.psj.2020.10.052
459,10.1021/acssuschemeng.0c06108
460,
461,10.1109/TIM.2020.3026122
462,10.1371/journal.pone.0255543
463,10.1021/acs.orglett.1c04073
464,10.1007/s13278-021-00763-x
465,10.1128/mSphere.00820-21
466,10.1007/s11947-021-02719-7
467,10.1093/jas/skab278
468,10.17239/jowr-2021.13.02.02
469,10.1111/oik.08323
470,10.1111/tpj.15481
471,10.1128/mSphere.00698-21
472,
473,10.1037/tep0000333
474,10.3828/extr.2021.7
475,10.1080/10429247.2021.1922220
476,10.1016/j.theriogenology.2021.04.003
477,10.1021/acs.analchem.0c05355
478,10.1016/j.aim.2021.107626
479,10.3389/fcell.2021.627976
480,10.1021/acs.joc.0c02519
481,10.1016/j.ohx.2021.e00249
482,
483,10.1061/(ASCE)GM.1943-5622.0002173
484,10.1016/j.conbuildmat.2021.125253
485,10.1111/ajae.12262
486,10.1016/j.engstruct.2021.113159
487,10.1007/s10682-021-10132-x
488,10.3389/fnagi.2021.661505
489,10.1177/03611981211011481
490,10.1093/jas/skab111
491,10.1080/10758216.2021.1894176
492,10.1177/1040638721999373
493,10.3366/nfs.2021.0306
494,10.3389/fnbeh.2021.639790
495,10.1037/xlm0000996
496,10.1007/s11423-020-09901-2
497,10.1016/j.nuclphysa.2020.121860
498,10.1002/sam.11566
499,10.1093/g3journal/jkab381
500,10.1080/0969594X.2021.1976106
501,10.1126/sciadv.abj1691
502,10.1016/j.bios.2021.113533
503,10.1007/s10670-019-00127-0
504,10.1002/ieam.4402
505,10.1111/jfpe.13720
506,10.2308/ISSUES-19-113
507,10.1177/0300985821996657
508,10.1103/PhysRevB.103.134435
509,10.1016/j.cad.2021.103031
510,10.1186/s12917-021-02870-5
511,10.3389/fmicb.2021.625400
512,10.1109/JRFID.2020.3034483
513,10.1093/imrn/rnaa381
514,10.1080/10668926.2021.1877215
515,10.3389/fvets.2021.763972
516,10.1016/j.cscm.2021.e00788
517,10.1177/23294884211056558
518,10.1039/d1gc03315h
519,10.3389/fdata.2021.706117
520,10.1016/j.engstruct.2021.112837
521,10.1055/a-1648-7074
522,10.1145/3460948
523,10.3390/agronomy11091785
524,10.1177/00938548211040850
525,10.3389/fimmu.2021.680020
526,10.1186/s12917-021-02978-8
527,10.3390/ijms22168378
528,10.1111/vco.12753
529,10.1037/gdn0000154
530,10.1016/j.jneb.2021.04.459
531,10.3934/dcds.2021098
532,10.3390/land10040372
533,10.1109/TMAG.2020.3006459
534,10.1080/14680629.2020.1868327
535,10.1109/TIM.2021.3076854
536,10.13031/aea.14547
537,10.1016/j.conbuildmat.2021.125435
538,10.1016/j.nuclphysa.2021.122308
539,10.1038/s41598-021-97221-7
540,10.1109/MCE.2020.3035908
541,10.1108/RPJ-06-2020-0142
542,10.1080/1061186X.2021.1941059
543,10.1016/j.fishres.2021.106029
544,10.1016/j.agwat.2021.107002
545,10.1093/nargab/lqab049
546,10.3389/fbioe.2021.659609
547,10.1103/PhysRevLett.126.177201
548,10.1021/acs.joc.1c00087
549,10.1016/j.virol.2021.02.014
550,10.3389/fmicb.2021.653155
551,10.1016/j.cvfa.2020.11.001
552,10.1089/fpd.2020.2873
553,10.1016/j.jnoncrysol.2020.120493
554,10.1016/j.paid.2020.110373
555,10.1558/cj.20159
556,10.1088/1361-6501/ac1b41
557,10.3934/dcds.2021076
558,10.1109/TIE.2020.3037989
559,10.1111/1750-3841.15928
560,10.1037/dhe0000351
561,10.3390/microorganisms9102162
562,10.1016/j.euromechsol.2021.104419
563,10.1016/j.erss.2021.102283
564,10.1007/s10915-021-01560-6
565,10.1111/jbl.12289
566,10.1016/j.fcr.2021.108260
567,10.1039/d1cp02301b
568,10.1016/j.wear.2021.203662
569,10.1007/s11334-021-00407-5
570,10.1016/j.wasman.2021.06.031
571,10.1016/j.algal.2021.102397
572,10.1002/celc.202100523
573,10.1557/s43578-021-00269-4
574,10.3390/asi4020039
575,10.1021/acsapm.1c00299
576,10.1016/j.jweia.2021.104586
577,10.3389/fmicb.2021.518791
578,10.1093/jas/skab001
579,10.1007/s00024-021-02702-5
580,10.1080/15470148.2020.1870185
581,10.1021/acs.analchem.0c03732
582,10.1007/s00170-021-06858-1
583,10.1007/s00211-021-01183-x
584,10.1016/j.jmbbm.2021.104345
585,10.1089/3dp.2020.0012
586,10.1016/j.petrol.2020.108334
587,10.1111/gequ.12159
588,
589,10.1016/j.jnoncrysol.2020.120462
590,
591,10.1287/ijoc.2019.0908
592,10.1093/nar/gkab1116
593,10.3390/v13091859
594,10.1109/TSG.2021.3088010
595,10.1152/ajpcell.00544.2020
596,10.1016/j.wear.2021.203855
597,10.1016/j.msec.2021.112303
598,10.1021/acsami.1c04476
599,10.1083/jcb.202008079
600,10.1111/2041-210X.13625
601,10.1057/s41311-021-00285-5
602,10.1016/j.cej.2020.127020
603,10.1016/j.ijmultiphaseflow.2020.103533
604,10.1016/j.phytochem.2021.112672
605,
606,10.1109/ACCESS.2021.3118105
607,10.1109/TIM.2021.3062193
608,10.3390/foods10010089
609,10.1021/acs.macromol.1c00651
610,10.1038/s41598-021-83634-x
611,10.1177/0361198120957319
612,10.1016/j.engappai.2021.104483
613,10.1186/s13567-021-00958-2
614,10.1128/MRA.00448-21
615,10.1094/PDIS-05-20-0964-RE
616,
617,10.1111/vsu.13656
618,10.1094/PHYTO-03-21-0093-R
619,10.1016/j.prevetmed.2021.105270
620,10.1002/agg2.20133
621,10.1016/j.cemconcomp.2021.104243
622,10.1111/tbed.14084
623,10.1007/s00348-021-03187-7
624,10.1177/0306624X21992681
625,10.3389/fbioe.2021.716634
626,10.1093/tas/txab080
627,10.1061/(ASCE)CR.1943-5495.0000235
628,10.1007/s10646-020-02326-w
629,10.1016/j.cvsm.2021.08.002
630,10.1039/d1gc02225c
631,10.1109/TSG.2020.3025509
632,10.1515/ijcre-2019-0229
633,10.1038/s41420-021-00781-w
634,10.1016/j.avb.2020.101521
635,10.3389/fimmu.2021.637982
636,
637,10.1016/j.jmapro.2021.04.003
638,10.1038/s41598-021-85367-3
639,
640,10.1093/tas/txab159
641,10.2489/jswc.2021.0827A
642,
643,
644,10.4018/IJCALLT.2021100102
645,10.3389/fvets.2021.628410
646,10.3390/antibiotics10020221
647,10.1016/j.fuel.2020.119071
648,
649,10.3390/agronomy11071288
650,10.1093/jas/skab159
651,10.3389/fmicb.2021.619970
652,10.3389/fvets.2021.640751
653,10.1371/journal.pone.0246144
654,10.1111/tbed.14327
655,10.1039/d1gc02420e
656,10.1093/bib/bbaa351
657,10.1186/s12711-020-00589-9
658,10.14359/51733106
659,10.1093/jas/skab300
660,10.1002/jwmg.22096
661,10.1061/(ASCE)ME.1943-5479.0000889
662,10.1016/j.ijpe.2021.108040
663,10.1016/j.tifs.2021.05.038
664,10.1007/s10389-021-01552-8
665,10.1186/s12711-021-00630-5
666,10.3389/fpsyg.2021.553015
667,10.1016/j.ymssp.2021.108201
668,10.1002/anie.202101795
669,10.1002/tafs.10295
670,10.1177/03009858211025794
671,10.1002/tpg2.20155
672,10.3389/fgene.2021.675500
673,10.1108/AFR-11-2020-0163
674,10.1016/j.jhazmat.2020.124284
675,10.1108/JCP-07-2021-0033
676,10.1061/(ASCE)EY.1943-7897.0000760
677,10.3390/jmse9060625
678,10.3390/ijgi10030108
679,10.3389/fpls.2021.773419
680,10.1021/acsapm.1c00889
681,10.1016/j.compag.2021.106301
682,10.3390/separations8020015
683,10.1186/s13007-021-00754-1
684,10.1029/2020GB006781
685,10.1002/anie.202013489
686,10.3390/infrastructures6020018
687,10.3390/ani11092665
688,10.1177/01939459211030338
689,10.1007/s00348-021-03341-1
690,10.1093/tas/txab034
691,10.3389/fvets.2021.637988
692,10.1039/d0mh01832e
693,10.1039/d1re00265a
694,10.1111/deci.12522
695,10.1371/journal.pone.0251884
696,10.1186/s12864-021-07578-2
697,10.1016/j.ygcen.2021.113758
698,10.1007/s11002-021-09560-0
699,10.1094/PDIS-06-20-1389-SC
700,10.1016/j.jevs.2020.103360
701,10.1016/j.ecresq.2020.08.005
702,10.1007/978-3-030-51652-9_5
703,10.1109/THMS.2021.3114144
704,10.1021/acs.jafc.1c03330
705,10.1145/3446637
706,10.1093/jas/skab155
707,10.1093/jas/skab145
708,10.1109/TCSII.2021.3068628
709,10.1094/PDIS-04-20-0824-SC
710,10.1142/S0219498821400107
711,10.1515/znb-2021-0137
712,10.1137/20M1387274
713,10.5851/kosfa.2021.e19
714,10.1016/j.forsciint.2021.111126
715,10.3389/fvets.2021.782872
716,10.1063/5.0061754
717,10.1016/j.jcsr.2021.106590
718,10.1002/hlca.202000209
719,10.1016/j.asw.2021.100523
720,10.1016/j.prevetmed.2020.105250
721,10.1093/jn/nxaa356
722,10.1039/d0nh00376j
723,10.1093/biolre/ioab178
724,10.3390/en14206479
725,10.3390/agriculture11060568
726,10.1016/j.expneurol.2021.113716
727,10.1371/journal.pcbi.1008890
728,10.1016/j.virol.2021.03.014
729,10.1109/TITS.2020.3048360
730,10.1002/jbm.b.34922
731,10.1021/acs.jchemed.1c00565
732,10.1016/j.engstruct.2021.112447
733,10.1080/08123985.2021.1900723
734,10.3389/fvets.2021.644074
735,10.1016/j.sna.2021.112626
736,10.1007/s13592-020-00829-3
737,10.1016/j.vetmic.2021.109240
738,10.2514/1.I010973
739,10.21769/BioProtoc.4100
740,10.1016/j.jevs.2021.103671
741,10.1089/crispr.2020.0093
742,10.1128/JVI.02335-20
743,10.1177/1469540521990858
744,10.1103/PhysRevE.104.064113
745,10.3389/fcomm.2021.639390
746,10.1016/j.jbusvent.2021.106140
747,10.1103/PhysRevE.104.014135
748,10.1177/10406387211033293
749,10.1002/cphc.202100290
750,10.1080/00207543.2021.1934745
751,10.1016/j.jpaa.2020.106539
752,10.1177/1468087421992888
753,10.1002/prot.26058
754,10.1016/S1872-2067(21)63804-4
755,10.1364/JOSAB.430593
756,10.1103/PhysRevB.104.L081113
757,10.1214/20-STS805
758,10.3389/fmolb.2021.699203
759,10.1016/j.jspr.2021.101849
760,10.3934/cpaa.2021084
761,10.1007/s11665-021-05861-7
762,10.1016/j.vetmic.2020.108958
763,10.1016/j.ultras.2021.106359
764,10.1016/j.renene.2020.12.014
765,10.1002/cjs.11586
766,10.1109/TIFS.2021.3118887
767,10.1177/15385132211047520
768,10.1021/acs.jpca.1c06186
769,10.1089/cmb.2021.0011
770,10.1016/j.applthermaleng.2021.116850
771,10.1109/TIM.2021.3051666
772,10.1109/TSG.2020.3023307
773,10.1111/nph.17904
774,10.1021/acs.jctc.1c00705
775,10.1093/tas/txab093
776,10.1177/00405175211013421
777,10.3390/inorganics9050035
778,10.1002/jez.2564
779,10.3389/fmed.2021.663212
780,10.1080/19371918.2021.1948942
781,10.1080/15481603.2021.1935128
782,10.1103/PhysRevB.103.224407
783,10.3390/insects12060556
784,10.1093/tas/txab041
785,10.3390/en14051367
786,10.1016/j.scitotenv.2021.145191
787,10.1186/s12864-021-08147-3
788,10.1017/S147474642000041X
789,10.1016/j.vetmic.2021.109162
790,10.1371/journal.ppat.1009590
791,10.1002/chem.202101146
792,10.1002/jsfa.11229
793,10.3389/fvets.2021.580396
794,10.1016/j.ijrefrig.2021.01.018
795,10.1002/agr.21694
796,10.1016/j.nanoen.2020.105441
797,10.1371/journal.pone.0261528
798,10.1016/j.jhtm.2021.10.014
799,10.1007/s12274-021-3660-0
800,10.1021/acs.organomet.1c00162
801,10.1016/j.childyouth.2021.106023
802,10.1007/s11528-020-00573-6
803,10.1109/TMAG.2020.3008554
804,10.1007/s11665-021-06062-y
805,10.17775/CSEEJPES.2020.04500
806,10.1002/jms.4709
807,10.1080/23249676.2021.1884614
808,10.1109/TMAG.2021.3103644
809,10.3389/fenrg.2021.682609
810,10.1016/j.actbio.2021.06.009
811,10.1144/geochem2020-048
812,10.1039/d1me00157d
813,10.1016/j.jocs.2021.101504
814,10.1063/5.0066061
815,10.1021/acssensors.1c01477
816,10.1186/s12874-021-01384-w
817,10.1063/5.0056916
818,10.1016/j.foodcont.2021.108381
819,10.3791/62683
820,10.1016/j.jevs.2020.103361
821,10.3389/fvets.2020.567886
822,10.1139/cjas-2020-0077
823,10.1088/2399-6528/ac3c32
824,10.1016/j.conbuildmat.2021.125402
825,10.1016/j.jevs.2021.103728
826,10.1128/JCM.01757-20
827,10.1016/j.ic.2021.104746
828,10.1021/acs.jctc.1c00389
829,10.1109/TEM.2021.3083513
830,10.1093/nargab/lqab043
831,10.1038/s41598-021-89779-z
832,10.1016/j.dam.2021.01.002
833,10.1016/j.powtec.2020.12.002
834,10.1016/j.agee.2021.107723
835,10.1139/cjc-2020-0218
836,10.1016/j.geb.2021.07.005
837,10.1007/s11075-021-01139-0
838,10.3390/inventions6020025
839,10.1080/10402381.2021.1920071
840,10.1039/d1cc01181b
841,10.1094/PHYTO-09-20-0380-A
842,10.1177/08982643211002084
843,10.1186/s40813-021-00203-4
844,10.1103/PhysRevB.103.054419
845,10.1094/PDIS-04-21-0764-RE
846,10.1016/j.dam.2021.09.005
847,10.3390/biology10101070
848,10.1093/plcell/koab210
849,10.1016/j.jallcom.2021.160866
850,10.1016/j.sab.2020.106042
851,10.1016/j.buildenv.2020.107482
852,10.1214/20-STS816
853,10.1007/s00170-021-07495-4
854,10.3390/foods10061390
855,10.3389/fvets.2021.646715
856,10.1007/s10551-021-04766-8
857,10.1016/j.comcom.2020.12.012
858,10.1016/j.jfa.2020.108780
859,10.1108/S1479-838720210000013009
860,10.1037/law0000324
861,10.1371/journal.pone.0256385
862,10.7589/JWD-D-20-00123
863,10.1109/TSMC.2020.3018706
864,10.3390/pathogens10030345
865,10.1093/jas/skaa368
866,10.1093/nar/gkab1238
867,10.1002/jgt.22767
868,10.1111/vop.12935
869,10.1029/2021JF006076
870,10.1016/j.jmmm.2021.168062
871,10.1080/08965803.2021.1925498
872,10.3389/fimmu.2021.664212
873,10.1016/j.actamat.2020.116513
874,10.3390/s21196608
875,10.1061/(ASCE)GT.1943-5606.0002592
876,10.3390/atmos12081019
877,10.1371/journal.pone.0240948
878,10.1111/deci.12400
879,10.1016/j.jtherbio.2021.102900
880,10.3168/jds.2020-18909
881,10.13031/trans.14336
882,10.1021/acs.joc.1c02373
883,10.1037/xlm0001096
884,10.1017/S0272263121000371
885,10.1098/rspa.2020.0440
886,10.3390/ma14051191
887,10.1093/jas/skab029
888,10.1016/j.engstruct.2020.111692
889,10.1021/acs.inorgchem.1c03158
890,10.1007/s10494-021-00308-4
891,10.1016/j.bpj.2021.10.017
892,10.1080/00330124.2021.1895849
893,10.1111/ecin.12972
894,10.3138/jvme.2019-0033
895,10.1099/jgv.0.001647
896,10.3389/fpsyg.2021.729272
897,10.1080/10298436.2021.2000986
898,10.1021/acs.jnatprod.1c00588
899,10.1002/adbi.202101026
900,10.1109/LAWP.2021.3077143
901,10.1021/acs.jpca.1c01865
902,10.1021/acsomega.1c00903
903,10.1016/j.knosys.2021.106874
904,10.1016/j.jcp.2021.110191
905,10.4315/JFP-20-136
906,10.1016/j.watres.2020.116580
907,10.1021/acs.jafc.0c06466
908,10.1093/jas/skab207
909,10.3389/fenrg.2021.682522
910,10.2514/1.C035297
911,10.3389/fphar.2021.631375
912,
913,10.2196/24945
914,10.1016/j.measurement.2020.108311
915,10.1017/S1755048320000644
916,10.1016/j.bpj.2021.10.012
917,10.1021/jacs.1c06622
918,10.1016/j.apergo.2020.103311
919,10.1111/agec.12615
920,10.3390/ijerph18041523
921,10.1016/j.fm.2020.103669
922,10.1186/s13643-021-01859-3
923,10.1115/1.4050741
924,10.3390/ani11092753
925,10.1021/acsanm.1c00210
926,10.1093/tas/txab072
927,10.1016/j.chroma.2021.462011
928,10.1002/ab.21956
929,10.1038/s41467-021-26733-7
930,10.3390/ani11071964
931,10.1039/d1na00296a
932,10.1021/acs.jpclett.0c03749
933,10.1094/PHP-07-20-0062-RS
934,10.3389/fmicb.2021.725756
935,10.1103/PRXQuantum.2.030307
936,10.1016/j.jsg.2021.104378
937,10.1111/eve.13455
938,10.1038/s43588-021-00045-8
939,10.1016/j.ijhm.2021.102895
940,10.1093/jisesa/ieab001
941,10.1186/s12889-021-10238-5
942,10.1007/s00441-020-03333-3
943,10.1016/j.oregeorev.2021.104632
944,10.3389/fbuil.2021.725106
945,10.1016/j.vetmic.2021.109190
946,10.1037/cou0000551
947,10.1093/tbm/ibaa092
948,10.1016/j.psychsport.2021.101930
949,10.1016/j.jfoodeng.2020.110346
950,10.1016/j.ijhm.2020.102752
951,10.1080/08995605.2021.1997501
952,10.1103/PhysRevB.104.214105
953,10.1002/ajb2.1783
954,10.1080/1362704X.2021.1964269
955,10.1016/j.spa.2021.07.005
956,10.1080/01919512.2021.1928476
957,10.1016/j.scitotenv.2021.146879
958,10.1128/mSphere.00136-21
959,10.1094/PBIOMES-01-20-0014-FI
960,10.1016/j.jhtm.2021.10.001
961,10.1002/prot.26165
962,10.1093/ee/nvab041
963,10.1002/jwmg.22047
964,10.1007/s11837-021-04666-2
965,10.1080/10447318.2021.1890485
966,10.1080/09518398.2021.2003893
967,10.1007/s10755-021-09583-5
968,10.1111/eve.13582
969,10.1021/acs.jpcc.1c08569
970,10.1021/acscatal.1c02716
971,10.1016/j.jallcom.2020.157064
972,10.1371/journal.pone.0255095
973,10.1109/ACCESS.2021.3127171
974,10.1111/jofo.12389
975,10.1080/03610918.2021.2006711
976,10.1080/17569370.2021.1987654
977,10.1002/chem.202005312
978,10.1016/j.foreco.2021.119809
979,10.1080/10864415.2021.1967002
980,10.1093/genetics/iyab115
981,10.3390/genes12071021
982,10.1111/apa.15860
983,10.1016/j.trgeo.2020.100500
984,10.1007/s11187-021-00559-5
985,10.1109/LED.2021.3092040
986,10.1021/acsami.1c07894
987,10.1113/EP089438
988,10.1103/PhysRevResearch.3.013184
989,10.1021/accountsmr.1c00153
990,10.1080/10926771.2021.1994501
991,10.1016/j.disc.2021.112689
992,10.1111/1755-0998.13432
993,10.1093/jas/skab086
994,10.1007/s10755-020-09542-6
995,10.1109/TSG.2020.3034827
996,10.1111/wre.12466
997,10.1111/gcbb.12870
998,10.1021/acs.jpcc.1c03671
999,10.1002/advs.202004712
1000,10.1080/00918369.2021.1888585
1001,10.1186/s12711-021-00676-5
1002,10.1094/PDIS-02-21-0241-RE
1003,10.1016/j.jcta.2021.105540
1004,10.1080/24725854.2021.1973154
1005,10.1111/ijcs.12725
1006,10.1088/1361-6641/ac038f
1007,10.1016/j.radphyschem.2021.109486
1008,10.1016/j.jcis.2020.11.080
1009,10.1099/jgv.0.001502
1010,10.3389/fmicb.2021.745884
1011,10.1111/fwb.13814
1012,10.1007/s00531-021-02057-1
1013,10.1002/jssc.202100119
1014,10.1037/fam0000714
1015,10.1002/cphc.202000884
1016,10.3389/fcell.2021.695248
1017,10.1063/5.0041904
1018,
1019,10.3390/w13030367
1020,10.3389/fvets.2020.568750
1021,10.1108/JFMM-11-2019-0266
1022,10.3389/fpls.2021.676269
1023,10.1021/acs.analchem.1c02885
1024,10.1103/PhysRevD.104.016002
1025,10.1016/j.commatsci.2021.110664
1026,10.1016/j.forsciint.2020.110628
1027,10.37236/9550
1028,10.1080/13632469.2020.1859002
1029,
1030,10.1108/IJCHM-06-2021-0738
1031,10.1063/5.0064864
1032,10.1186/s42408-021-00112-5
1033,10.1371/journal.pone.0250650
1034,10.1002/saj2.20226
1035,10.1021/acs.jchemed.1c00647
1036,10.3390/ani11123545
1037,10.1371/journal.pone.0255393
1038,10.1103/PhysRevB.104.075159
1039,10.1016/j.ijheatmasstransfer.2021.121644
1040,10.1111/jofi.13024
1041,10.1021/acssuschemeng.1c00295
1042,10.1016/j.actamat.2020.116575
1043,10.3389/fvets.2021.635057
1044,10.1016/j.geoderma.2020.114744
1045,10.3389/fnagi.2020.567861
1046,10.3389/frai.2021.573731
1047,10.1021/jacs.1c09665
1048,10.1103/PhysRevApplied.16.024014
1049,10.1061/(ASCE)CO.1943-7862.0002055
1050,10.1080/13032917.2021.1890627
1051,10.1063/5.0027885
1052,10.1016/j.jpowsour.2020.229360
1053,10.1177/0300985820960128
1054,10.1007/s00216-021-03519-w
1055,10.3389/feart.2021.702761
1056,10.1016/j.camwa.2021.05.028
1057,10.3389/fvets.2021.769312
1058,10.1520/GTJ20200104
1059,10.1021/acs.inorgchem.0c03636
1060,10.1016/j.foodcont.2021.108022
1061,10.1016/j.jrp.2020.104048
1062,10.1002/jsfa.11689
1063,10.3390/mi12121460
1064,10.3390/met11121980
1065,10.1016/j.addma.2021.102028
1066,10.1038/s41598-021-93199-4
1067,10.1002/pld3.322
1068,10.3390/s21061954
1069,10.1002/zaac.202000378
1070,10.17705/1jais.00710
1071,10.1111/1462-2920.15721
1072,10.3389/fgene.2021.707873
1073,10.1103/PhysRevMaterials.5.074004
1074,10.3389/fpls.2021.544854
1075,10.1016/j.ijplas.2020.102914
1076,10.1186/s40813-021-00210-5
1077,10.1007/s00441-021-03422-x
1078,10.1021/acs.est.0c04358
1079,10.34133/2021/4238701
1080,10.1016/j.matpur.2021.10.003
1081,10.1080/21604851.2021.1907964
1082,10.1021/jacs.1c03162
1083,10.1037/aap0000242
1084,10.1021/acs.jpcc.1c05015
1085,10.1093/jas/skab245
1086,10.1073/pnas.2100298118
1087,10.1080/20442041.2021.1904762
1088,10.1021/acs.jpcc.1c01354
1089,10.1057/s41267-021-00422-5
1090,10.1080/00036811.2021.1954165
1091,10.3390/agriculture11070623
1092,10.1021/acs.jpca.1c02860
1093,10.1093/af/vfab026
1094,10.1016/j.compfluid.2020.104764
1095,10.1007/s10854-020-05148-y
1096,10.1038/s41598-021-00765-x
1097,10.1021/acssuschemeng.1c04375
1098,10.1093/g3journal/jkab117
1099,10.1038/s41467-021-21089-4
1100,10.1123/apaq.2020-0023
1101,10.1007/s11069-021-05027-7
1102,10.3389/fpsyg.2021.569380
1103,10.1103/PhysRevA.103.032428
1104,10.1007/s10462-021-09984-0
1105,10.1103/PhysRevB.103.085125
1106,10.1016/j.bbadis.2020.166063
1107,10.1016/j.bpsc.2020.08.006
1108,10.1017/laq.2021.26
1109,10.3389/fgene.2021.707870
1110,10.1002/prep.202100055
1111,10.1021/acs.chemmater.1c01484
1112,10.1111/jbl.12285
1113,10.1016/j.impact.2021.100326
1114,10.3389/fenvs.2021.609621
1115,10.1371/journal.pgen.1009491
1116,10.1098/rsos.200911
1117,10.1021/acs.jpcb.0c10875
1118,10.1016/j.coche.2021.100673
1119,10.1137/18M1169473
1120,
1121,10.1177/0361198120966602
1122,10.1002/qute.202100114
1123,10.1098/rsbl.2021.0362
1124,10.1007/s10826-021-01973-9
1125,10.1111/nph.17406
1126,10.1080/14680629.2021.1898451
1127,10.3389/fvets.2021.744813
1128,10.1016/j.foodpol.2021.102150
1129,10.3389/fcomm.2020.588978
1130,10.1103/PhysRevB.103.085403
1131,10.1142/S0219493721500556
1132,10.1016/j.jenvman.2021.114053
1133,10.1103/PhysRevA.104.022815
1134,
1135,10.1016/j.jclepro.2021.126992
1136,10.1016/j.jallcom.2021.163186
1137,10.1016/j.jcorpfin.2021.102116
1138,10.3389/fpsyt.2021.741433
1139,10.3389/fmicb.2021.656609
1140,10.1093/g3journal/jkab170
1141,10.1109/JSEN.2020.3041266
1142,10.1155/2021/6610811
1143,10.3389/fpsyg.2021.631510
1144,10.1113/EP089319
1145,10.3389/ffgc.2021.674213
1146,10.1016/j.desal.2021.115077
1147,10.1016/j.jretconser.2020.102376
1148,10.1016/j.chempr.2021.03.007
1149,10.3390/ani11020430
1150,10.1016/j.msec.2020.111527
1151,10.1002/jrs.6124
1152,10.1177/03611981211002203
1153,10.1371/journal.pone.0235026
1154,10.1016/j.commatsci.2021.110823
1155,10.1088/1361-6463/abfbf7
1156,10.1021/acs.jpca.0c10226
1157,10.1063/5.0045219
1158,10.1016/j.prevetmed.2021.105308
1159,10.1016/j.livsci.2021.104398
1160,10.1088/1748-9326/abef8f
1161,
1162,10.1002/nafm.10551
1163,10.1016/j.actamat.2021.116623
1164,10.1021/acs.macromol.1c01410
1165,10.1021/acsfoodscitech.1c00047
1166,10.1016/j.eneco.2021.105174
1167,10.3389/fpsyt.2021.738892
1168,10.1083/jcb.202010155
1169,10.1016/j.jretai.2020.11.004
1170,10.1002/pld3.326
1171,10.1103/PhysRevB.103.L201407
1172,10.1128/MRA.01406-20
1173,10.1016/j.carbon.2021.02.102
1174,10.1021/acs.chemmater.0c03007
1175,10.1002/ael2.20049
1176,10.1021/acsfoodscitech.1c00180
1177,10.3390/agronomy11091696
1178,10.1007/s10921-021-00780-y
1179,10.1002/cmm4.1159
1180,10.3389/fpubh.2021.619129
1181,10.3368/le.97.4.080820-0124R
1182,10.1007/s10921-021-00812-7
1183,10.1016/j.actamat.2021.117162
1184,10.1016/j.jpowsour.2020.229327
1185,10.1016/j.ymben.2021.08.002
1186,10.1093/jas/skab212
1187,10.1016/j.buildenv.2021.107964
1188,10.1128/mSystems.00154-21
1189,10.1016/j.catena.2021.105158
1190,10.1037/amp0000653
1191,10.1063/5.0044030
1192,10.1016/j.combustflame.2020.11.005
1193,10.1080/10255842.2021.1880572
1194,10.3390/math9243214
1195,10.1007/s11440-021-01280-z
1196,10.1002/etc.5016
1197,10.1016/j.ymssp.2021.107960
1198,10.1093/jn/nxab038
1199,
1200,10.1080/13607863.2021.1891202
1201,10.1016/j.ijhm.2020.102801
1202,10.1093/tas/txab225
1203,10.1007/s11440-021-01259-w
1204,10.1063/5.0045214
1205,10.1016/j.fcr.2021.108142
1206,10.1007/s11440-021-01400-9
1207,10.3390/ani11082424
1208,10.1098/rstb.2020.0101
1209,10.1063/5.0049477
1210,10.1039/d0qi01150a
1211,10.1016/j.pacfin.2021.101669
1212,10.1038/s41598-021-81239-y
1213,10.1103/PhysRevLett.126.025501
1214,10.3390/atmos12010096
1215,10.3390/microorganisms9112232
1216,10.1016/j.cois.2021.07.003
1217,10.1016/j.mechrescom.2020.103604
1218,10.1016/j.vetmic.2021.109040
1219,10.1016/j.scitotenv.2021.146015
1220,10.1126/science.abi9310
1221,10.1038/s41598-021-89224-1
1222,10.1016/j.virol.2021.08.015
1223,10.3390/ijerph18189783
1224,10.3389/fenvs.2021.613614
1225,10.1093/abm/kaaa042
1226,10.1016/j.expthermflusci.2021.110573
1227,10.1016/j.fsidi.2021.301193
1228,10.1093/ee/nvab024
1229,10.1088/1361-648X/abd339
1230,10.3389/fcell.2021.663431
1231,10.1016/j.scienta.2021.110212
1232,10.1038/s43588-020-00006-7
1233,10.1038/s42003-021-02888-3
1234,10.1016/j.compositesb.2021.109003
1235,10.1039/d0cp06393b
1236,10.1103/PhysRevB.104.L220402
1237,10.1093/jee/toab202
1238,10.1021/acssensors.1c01082
1239,10.3389/fdata.2021.662186
1240,10.1126/sciadv.abe7798
1241,10.1016/j.neunet.2021.02.021
1242,10.1016/j.bej.2020.107821
1243,
1244,10.3389/fpls.2021.710383
1245,10.1103/PhysRevD.103.036005
1246,10.1103/PhysRevA.104.012611
1247,10.3389/fvets.2021.660177
1248,10.1109/TMAG.2020.3024878
1249,10.3389/fpubh.2021.758321
1250,10.1021/acs.langmuir.1c01547
1251,10.1371/journal.pone.0254730
1252,10.1021/acsami.1c09301
1253,10.3389/frsc.2021.684231
1254,10.3390/v13010073
1255,10.1016/j.rser.2021.111636
1256,10.1017/fms.2021.52
1257,10.1038/s41598-021-95517-2
1258,10.1080/15348431.2019.1588734
1259,10.1109/TPWRS.2020.3012840
1260,10.1080/07418825.2021.1985159
1261,10.1002/cctc.202100425
1262,10.1093/genetics/iyaa026
1263,10.3168/jds.2020-18563
1264,10.1111/tra.12826
1265,10.1080/08965803.2021.2003507
1266,10.1111/grow.12540
1267,10.1103/PhysRevE.104.025304
1268,10.1021/acs.jpca.1c03821
1269,10.1016/j.vetmic.2021.109118
1270,10.1016/j.scriptamat.2021.113827
1271,10.1061/(ASCE)EI.2643-9115.0000027
1272,
1273,10.1038/s41467-021-26165-3
1274,10.1037/amp0000780
1275,10.1089/vbz.2021.0028
1276,10.1111/rssa.12696
1277,10.1186/s13071-021-04759-6
1278,10.1016/j.mlblux.2021.100062
1279,10.1039/d0nj05984f
1280,10.1002/fee.2421
1281,10.1214/20-AOAS1431
1282,10.1371/journal.pone.0251786
1283,10.1093/molbev/msab128
1284,10.1103/PhysRevB.103.024408
1285,10.1002/agg2.20149
1286,10.1172/jci.insight.138088
1287,10.1016/j.cma.2021.113960
1288,10.1039/d0en01066a
1289,10.1038/s41524-020-00464-7
1290,10.1177/10406387211056054
1291,10.1016/j.cam.2021.113477
1292,10.1039/d0cp05658h
1293,10.3389/fnut.2020.619023
1294,10.3389/fmicb.2021.793391
1295,10.1007/s00041-021-09891-6
1296,10.3389/fphys.2021.691245
1297,10.1038/s41467-021-27277-6
1298,10.1371/journal.pone.0256550
1299,10.1093/pcp/pcab114
1300,10.23919/JCN.2021.000015
1301,10.1016/j.nanoen.2021.106054
1302,10.1093/tas/txaa214
1303,10.1109/TIFS.2021.3098162
1304,10.1103/PhysRevB.104.174427
1305,10.1021/acscatal.1c01525
1306,10.1109/TAC.2020.3010264
1307,10.1016/j.chb.2020.106623
1308,10.1670/19-046
1309,10.1039/d0tc05087c
1310,10.1016/j.nanoen.2021.106364
1311,10.1016/j.toxicon.2021.02.008
1312,10.1109/TPWRS.2021.3078671
1313,10.1111/jace.18148
1314,10.1371/journal.pone.0257514
1315,10.1063/5.0037480
1316,10.1109/TPWRS.2020.3013638
1317,10.1016/j.algal.2021.102464
1318,10.1080/10903127.2021.1894275
1319,10.1186/s12917-021-02785-1
1320,10.1287/isre.2021.1064
1321,10.1103/PhysRevB.104.085134
1322,10.1016/j.matdes.2021.109501
1323,10.1016/j.vacuum.2021.110402
1324,10.1111/1477-9552.12430
1325,10.1093/nsr/nwaa277
1326,10.1039/d1cy00418b
1327,10.1016/j.forsciint.2020.110644
1328,10.1021/acs.inorgchem.1c03217
1329,10.3389/fvets.2021.660857
1330,10.1007/s11837-021-04757-0
1331,10.3389/fvets.2021.718967
1332,10.3389/fmicb.2021.660047
1333,10.1093/bib/bbab131
1334,10.1080/03610918.2021.1901917
1335,10.1016/j.sysarc.2020.101896
1336,10.1094/PHP-11-20-0097-RS
1337,10.1016/j.actamat.2020.10.055
1338,10.1007/s00335-021-09907-y
1339,10.3390/bios11120511
1340,10.1016/j.jmaa.2021.125180
1341,10.1109/ACCESS.2021.3131681
1342,10.1111/tpj.15401
1343,10.1017/S0022109019001091
1344,10.1086/713174
1345,10.1093/jas/skab097
1346,10.3389/fvets.2020.580414
1347,10.1371/journal.pone.0249899
1348,10.1088/1361-648X/ac1cb0
1349,10.1088/1361-6463/abfc8c
1350,10.1371/journal.pmed.1003687
1351,10.1111/1540-6229.12341
1352,10.1002/adfm.202010293
1353,10.1111/jvim.16238
1354,10.3390/e23060674
1355,10.1080/10485252.2021.1988084
1356,
1357,10.2217/pgs-2020-0158
1358,10.1093/gerona/glab327
1359,10.1515/dema-2021-0010
1360,10.3390/ph14121260
1361,10.1016/j.ndteint.2021.102544
1362,10.1016/j.avb.2020.101520
1363,10.1109/MC.2020.3039491
1364,10.1080/02664763.2021.1928016
1365,10.3758/s13428-021-01555-z
1366,10.1093/ee/nvaa181
1367,10.1002/sam.11537
1368,10.1007/s10021-021-00639-3
1369,10.1103/PhysRevMaterials.5.094415
1370,10.1016/j.ssnmr.2021.101743
1371,10.1063/5.0040759
1372,10.1016/j.psj.2021.101067
1373,10.1111/btp.12926
1374,10.1177/01640275211036966
1375,10.1111/tbed.14087
1376,10.1021/acs.jpcc.0c08873
1377,10.1007/s42161-021-00901-6
1378,10.1080/08870446.2021.1952581
1379,10.1128/jmbe.v22i1.2433
1380,10.3346/jkms.2021.36.e333
1381,10.1080/09349847.2021.1991063
1382,10.1021/acs.chemmater.1c01053
1383,10.1021/acs.jpcc.1c01899
1384,10.1094/PHP-02-21-0016-FI
1385,10.3390/v13122453
1386,10.1039/d1sm00501d
1387,10.1016/j.commatsci.2021.110693
1388,10.1016/j.psyneuen.2020.105067
1389,10.1002/jeq2.20281
1390,10.3390/nano11123397
1391,10.1007/s11837-021-04808-6
1392,10.1016/j.jcrimjus.2021.101794
1393,10.3389/fnhum.2021.703382
1394,10.1016/j.resconrec.2021.105520
1395,10.1016/j.addma.2021.101932
1396,10.1016/j.ceramint.2020.11.117
1397,10.5852/ejt.2021.778.1575
1398,10.1007/s12103-021-09639-4
1399,10.1016/j.jbusres.2020.08.059
1400,10.1021/acs.jpcc.0c09601
1401,10.1111/jvim.16325
1402,10.1103/PhysRevB.104.224413
1403,10.1016/j.actamat.2021.117284
1404,10.1093/g3journal/jkaa049
1405,10.1061/(ASCE)ME.1943-5479.0000865
1406,10.1093/plphys/kiab018
1407,10.3390/ani11102830
1408,10.1080/10670564.2021.1926089
1409,10.3390/ijerph182111307
1410,10.1103/PhysRevMaterials.5.094802
1411,10.1039/d1dt00845e
1412,10.1038/s41371-021-00506-7
1413,10.1080/10934529.2021.1968231
1414,10.5705/ss.202019.0188
1415,10.1002/cctc.202100759
1416,10.3390/polym13234165
1417,10.4269/ajtmh.21-0431
1418,10.1073/pnas.2108724118
1419,10.3788/CJL202118.0600001
1420,10.1021/acsaem.0c02996
1421,10.1111/wre.12508
1422,10.1371/journal.pone.0256862
1423,10.3389/fevo.2021.601877
1424,10.1007/s00122-021-03897-w
1425,10.1029/2020JD033988
1426,10.1158/1055-9965.EPI-20-1731
1427,10.1021/acs.chemmater.0c04155
1428,10.1182/bloodadvances.2020003096
1429,10.3390/agriculture11020129
1430,10.1016/j.taap.2021.115639
1431,10.1093/plphys/kiab161
1432,10.1038/s41589-021-00893-5
1433,10.1109/TED.2021.3083239
1434,10.1038/s41467-021-22136-w
1435,10.1128/mSystems.00201-21
1436,10.1016/j.ijhm.2021.103007
1437,10.1093/plcell/koab134
1438,10.1177/10406387211002163
1439,10.1016/j.renene.2020.08.104
1440,10.1093/jhered/esab043
1441,10.1021/acs.jpcc.1c03176
1442,10.3389/fneur.2021.625017
1443,10.1088/2040-8986/ac0316
1444,10.1016/j.nanoen.2021.106516
1445,10.1089/mdr.2020.0282
1446,10.1186/s40104-021-00622-x
1447,10.1016/j.apsoil.2021.104099
1448,10.3389/fgene.2021.689406
1449,10.1103/PhysRevB.103.075111
1450,10.1088/1361-665X/ac221a
1451,10.1037/sah0000330
1452,10.1016/j.molbiopara.2020.111347
1453,10.3390/s21217017
1454,10.1089/vbz.2020.2742
1455,10.3389/fpls.2021.620786
1456,10.21468/SciPostPhys.11.1.011
1457,10.1016/j.molp.2021.03.010
1458,10.1111/1365-2656.13495
1459,10.1371/journal.pone.0250681
1460,10.1016/j.atmosres.2021.105743
1461,10.1002/advs.202003634
1462,10.1186/s12864-021-07995-3
1463,10.1186/s42523-021-00084-6
1464,10.1080/14786435.2021.2009136
1465,10.1103/PhysRevB.104.094420
1466,10.1093/jas/skab270
1467,10.3390/s21155231
1468,10.1109/TIT.2021.3065212
1469,10.1016/j.carbon.2021.09.062
1470,10.3389/fvets.2021.651672
1471,10.1007/s00253-021-11399-4
1472,10.1128/mSystems.00651-21
1473,10.7554/eLife.66192
1474,10.1007/s10664-021-09940-0
1475,10.1016/j.engappai.2021.104295
1476,10.1080/13683500.2021.1974357
1477,10.1063/5.0044380
1478,10.3389/fmicb.2021.695260
1479,10.1093/jas/skab274
1480,10.1016/j.vaccine.2021.10.033
1481,10.1039/d1sc03685h
1482,10.1103/PhysRevD.104.114019
1483,10.1111/fcsr.12415
1484,10.1021/jacs.1c01357
1485,10.1002/jgt.22739
1486,10.1038/s41467-021-24657-w
1487,10.1017/S0963548320000590
1488,10.3390/ijerph182413085
1489,10.1073/pnas.2023604118
1490,10.1016/j.optcom.2020.126409
1491,10.1002/ecs2.3533
1492,10.1016/j.ffa.2021.101954
1493,10.3390/pathogens10101238
1494,10.1111/gcb.15867
1495,10.1371/journal.ppat.1010005
1496,10.1002/chem.202101948
1497,10.3390/jof7070525
1498,10.3168/jds.2020-19397
1499,10.3389/fpls.2021.681816
1500,10.1371/journal.pone.0252544
1501,10.1103/PhysRevD.104.094034
1502,10.1002/agj2.20655
1503,10.1016/j.jmmm.2021.168705
1504,10.1186/s12859-021-04232-2
1505,10.1074/jbc.RA120.015516
1506,10.1002/1438-390X.12094
1507,10.3390/microorganisms9030606
1508,10.36001/IJPHM.2021.v12i4.2914
1509,10.1111/nph.17196
1510,10.1103/PhysRevLett.127.115704
1511,10.3389/fimmu.2020.585431
1512,10.3389/fmolb.2020.607323
1513,10.1021/acs.inorgchem.1c01381
1514,10.1111/nph.17806
1515,10.1103/PhysRevD.104.094036
1516,10.1021/acs.inorgchem.1c02511
1517,10.1111/pbi.13747
1518,10.3847/1538-4357/ac1518
1519,10.1128/JCM.03051-20
1520,10.1017/S0963548320000358
1521,10.1039/d1cc05167a
1522,10.1016/j.laa.2020.10.035
1523,10.1002/chem.202103761
1524,10.1103/PhysRevB.103.174426
1525,10.1038/s43247-021-00273-w
1526,10.1103/PhysRevB.104.014510
1527,10.1103/PhysRevB.104.155124
1528,10.1186/s12864-021-07912-8
1529,10.1094/MPMI-03-21-0051-A
1530,10.1016/j.applanim.2021.105334
1531,10.1039/d0nr09099a
1532,10.1038/s41893-021-00827-y
1533,10.1016/j.disc.2021.112663
1534,10.1080/1478601X.2021.1965286
1535,10.1109/TED.2021.3083209
1536,10.1093/jas/skab084
1537,10.1016/j.colsurfa.2021.126316
1538,10.1557/s43578-021-00293-4
1539,10.2308/ISYS-2020-004
1540,10.1177/07439156211056538
1541,10.1016/j.resconrec.2021.105996
1542,10.1103/PhysRevLett.126.176102
1543,10.1093/ornithology/ukaa066
1544,10.1007/s10566-021-09618-0
1545,10.1002/mar.21629
1546,10.1016/j.resconrec.2021.105682
1547,10.1021/acsphotonics.1c00017
1548,10.1371/journal.pone.0259700
1549,10.1017/S1472669621000384
1550,10.1017/dem.2020.13
1551,10.1016/j.isci.2021.102926
1552,10.1016/j.epsl.2021.116913
1553,10.14814/phy2.15104
1554,10.1038/s41467-021-25248-5
1555,10.3390/genes12020255
1556,
1557,10.1016/j.mattod.2021.04.011
1558,10.1007/s00265-021-03099-w
1559,10.3847/1538-3881/abd4d9
1560,10.1016/j.neurobiolaging.2021.09.020
1561,10.1103/PhysRevB.104.L220410
1562,10.1038/s41467-021-22990-8
1563,10.1016/j.actamat.2021.117299
1564,10.1021/acsphotonics.1c00216
1565,10.1038/s41563-020-00882-4
1566,10.1016/j.livsci.2021.104399
1567,
1568,10.1111/tpj.15392
1569,10.1093/plcell/koaa023
1570,10.1038/s41929-021-00686-y
1571,10.1021/acs.inorgchem.1c01318
1572,10.1093/jipm/pmab006
1573,10.1038/s41467-020-20350-6
1574,10.1128/AEM.00286-21
1575,10.1002/anie.202106515
1576,10.1103/PhysRevB.103.174405
1577,10.1557/s43580-021-00028-x
1578,10.1073/pnas.2012892118
1579,10.3390/ma14123267
1580,10.1029/2020JC017074
1581,10.1021/jacs.0c11397
1582,10.1016/j.isci.2021.102449
1583,10.1021/acs.inorgchem.1c02211
1584,10.14814/phy2.15075
1585,10.1039/d1na00064k
1586,
1587,
1588,10.1186/s12864-021-07932-4
1589,10.1093/molbev/msab119
1590,10.3389/fpls.2021.725571
1591,10.1094/PDIS-06-20-1322-FE
1592,10.1186/s13567-021-00935-9
1593,10.1016/j.msea.2020.140522
1594,10.3390/act10010002
1595,10.1016/j.ijpddr.2021.07.005
1596,10.1103/PhysRevC.103.054001
1597,10.1016/j.agwat.2021.107265
1598,10.1094/PDIS-07-20-1578-RE
1599,10.3847/1538-4357/abefd4
1600,10.1111/gcb.15575
